"serial_no","sprot_ac","description","origin_org","taxonomy","subloc","dev_stage","similarity","tissue_spec","ptm","functn","len_aa","mol_wt","reference","pfam","hor_name","hor_seq","hor_map","receptor","geneid","pdbid","drugpedia","comment","date"
"1","Q95JC9","Basic proline-rich protein precursor [Contains: Proline-rich peptideSP-A (PRP-SP-A); Proline-rich peptide SP-B (PRP-SP-B); Parotid hormone(PH-Ab)].","Sus scrofa (Pig).","Eukaryota; Metazoa; Chordata; Craniata; Vertebrata; Euteleostomi;Mammalia; Eutheria; Laurasiatheria; Cetartiodactyla; Suina; Suidae;Sus.","Secreted protein.","N/A","N/A","Acinar cells and secretory granules of the parotid gland.","N/A","The parotid hormone stimulates dentinal fluid transport in teeth","676","62283","15805110,16112392,7371600","N/A","Parotid hormone","APPGARPPPGPPPPPPGPSPPRPPPGPPPQ","30 Residues from position (647-676)","N/A","100049648,100113399","N/A","","!Receptor for this Hormone are either unknown or have not yet been curated","February20,2009 - 8:24PM Fri"
"2","Q95JC9","Basic proline-rich protein precursor [Contains: Proline-rich peptideSP-A (PRP-SP-A); Proline-rich peptide SP-B (PRP-SP-B); Parotid hormone(PH-Ab)].","Sus scrofa (Pig).","Eukaryota; Metazoa; Chordata; Craniata; Vertebrata; Euteleostomi;Mammalia; Eutheria; Laurasiatheria; Cetartiodactyla; Suina; Suidae;Sus.","Secreted protein.","N/A","N/A","Acinar cells and secretory granules of the parotid gland.","N/A","The parotid hormone stimulates dentinal fluid transport in teeth","676","62283","15805110,16112392,7371600","N/A","Parotid hormone","APPGARPPPGPPPPPPGPSPPRPPPGPPPQ","30 Residues from position (647-676)","N/A","100049648,100113399","N/A","","!Receptor for this Hormone are either unknown or have not yet been curated","February20,2009 - 8:27PM Fri"
"3","","","","","","","","","","","0","0","","","","","","","","","","","February20,2009 - 8:49PM Fri"
"4","","","","","","","","","","","0","0","","","","","","","","","","","February20,2009 - 8:53PM Fri"
"5","","","","","","","","","","","0","0","","","","","","","","","","","February20,2009 - 9:17PM Fri"
"6","zzz","zzz","zZ","","zzz","zzZ","zzZ","","","","0","0","","","","","","","","","","","July12,2009 - 5:20PM Sun"
"7","","","","","","","","","","","0","0","","","","","","","","","","","January19,2010 - 3:55PM Tue"
"8","","","","","","","","","","","0","0","","","","","","","","","","","February28,2011 - 11:52AM Mon"
"9","","","","","","","","","","","0","0","","","","","","","","","","","February28,2011 - 11:55AM Mon"
"10","","","","","","","","","","","0","0","","","","","","","","","","","February11,2012 - 1:39PM Sat"
"11","","","","","","","","","","","0","0","","","","","","","","","","","June24,2012 - 4:05PM Sun"
